date,merchant,description,amount,category,is_anomaly
2025-01-01,CITY PROPERTIES LLC,CITY PROPERTIES LLC PURCHASE,1336.46,Rent,0
2025-01-01,PIZZA HUT #7481,PIZZA HUT #7481 PURCHASE,52.66,Dining,0
2025-01-01,EMPLOYER SEATTLE WA,EMPLOYER SEATTLE WA PURCHASE,2679.03,Income,0
2025-01-01,WALMART,WALMART PURCHASE,40.48,Groceries,0
2025-01-01,TARGET,TARGET PURCHASE,58.09,Shopping,0
2025-01-02,SHEGAS647,SHEGAS647 PURCHASE,20.05,Transport,0
2025-01-02,STARBUCK 029384,STARBUCK 029384 PURCHASE,14.04,Dining,0
2025-01-03,STARBUCKS,STARBUCKS PURCHASE,5.1,Dining,0
2025-01-04,METTRA583,METTRA583 PURCHASE,53.17,Transport,0
2025-01-05,TRADER JOE'S,TRADER JOE'S PURCHASE,31.9,Groceries,0
2025-01-05,LOCALDIN SEATTLE WA,LOCALDIN SEATTLE WA PURCHASE,53.08,Dining,0
2025-01-05,WALMART,WALMART PURCHASE,80.26,Groceries,0
2025-01-07,TAR161,TAR161 PURCHASE,13.67,Shopping,0
2025-01-07,COMCAST #4499,COMCAST #4499 PURCHASE,109.22,Utilities,0
2025-01-08,SHELL GAS,SHELL GAS PURCHASE,44.92,Transport,0
2025-01-09,WALMART #2715,WALMART #2715 PURCHASE,40.72,Groceries,0
2025-01-09,AMAZON SC,AMAZON SC PURCHASE,120.14,Shopping,0
2025-01-09,UBER,UBER PURCHASE,23.74,Transport,0
2025-01-10,SUSHI  SC,SUSHI  SC PURCHASE,24.71,Dining,0
2025-01-11,AMAZON,AMAZON PURCHASE,59.86,Shopping,0
2025-01-11,WATERAUT 029384,WATERAUT 029384 PURCHASE,153.26,Utilities,0
2025-01-12,PAYPAL *CITYMEDICA,PAYPAL *CITYMEDICA PURCHASE,89.26,Healthcare,0
2025-01-13,METRO TRANSIT #5754,METRO TRANSIT #5754 PURCHASE,22.79,Transport,0
2025-01-14,EMPLOYERPAYROLL,EMPLOYERPAYROLL PURCHASE,2859.99,Income,0
2025-01-15,PAYPAL *CHIPOTLE,PAYPAL *CHIPOTLE PURCHASE,5.8,Dining,0
2025-01-15,CHIPOTLE #9898,CHIPOTLE #9898 PURCHASE,5.58,Dining,0
2025-01-16,UBE377,UBE377 PURCHASE,37.24,Transport,0
2025-01-16,METTRA428,METTRA428 PURCHASE,22.31,Transport,0
2025-01-16,SPO920,SPO920 PURCHASE,13.29,Entertainment,0
2025-01-18,WATERAUT CHI IL,WATERAUT CHI IL PURCHASE,137.72,Utilities,0
2025-01-18,POS DEBIT TRADERJOES,POS DEBIT TRADERJOES PURCHASE,41.87,Groceries,0
2025-01-19,BEST B SC,BEST B SC PURCHASE,32.47,Shopping,0
2025-01-19,ICLOUD STORAGE #2836,ICLOUD STORAGE #2836 PURCHASE,23.39,Subscriptions,0
2025-01-20,LOCALDIN 029384,LOCALDIN 029384 PURCHASE,23.42,Dining,0
2025-01-21,WALMART,WALMART PURCHASE,61.98,Groceries,0
2025-01-22,STA657,STA657 PURCHASE,21.44,Dining,0
2025-01-23,SHEGAS771,SHEGAS771 PURCHASE,57.18,Transport,0
2025-01-23,TST* ICLOUDSTOR,TST* ICLOUDSTOR PURCHASE,14.99,Subscriptions,0
2025-01-23,LOCAL  SC,LOCAL  SC PURCHASE,11.01,Dining,0
2025-01-24,CHI316,CHI316 PURCHASE,44.0,Dining,0
2025-01-25,UBE261,UBE261 PURCHASE,22.0,Transport,0
2025-01-25,TARGET SC,TARGET SC PURCHASE,21.32,Shopping,0
2025-01-27,COMCAS SC,COMCAS SC PURCHASE,144.61,Utilities,0
2025-01-28,SUSHIHOU 029384,SUSHIHOU 029384 PURCHASE,1.0,Dining,0
2025-01-28,CITYPOWE CHI IL,CITYPOWE CHI IL PURCHASE,137.52,Utilities,0
2025-02-01,POS DEBIT SUSHIHOUSE,POS DEBIT SUSHIHOUSE PURCHASE,38.65,Dining,0
2025-02-01,SUSHI  SC,SUSHI  SC PURCHASE,26.89,Dining,0
2025-02-01,CITY PROPERTIES LLC #3730,CITY PROPERTIES LLC #3730 PURCHASE,1519.45,Rent,0
2025-02-01,LYFT #9405,LYFT #9405 PURCHASE,26.35,Transport,0
2025-02-01,EMPPAY568,EMPPAY568 PURCHASE,2953.08,Income,0
2025-02-02,TRADERJO SEATTLE WA,TRADERJO SEATTLE WA PURCHASE,64.86,Groceries,0
2025-02-03,COMCAST #2811,COMCAST #2811 PURCHASE,94.99,Utilities,0
2025-02-04,KROGER,KROGER PURCHASE,58.06,Groceries,0
2025-02-04,CHIPOTLE,CHIPOTLE PURCHASE,34.71,Dining,0
2025-02-04,UBER,UBER PURCHASE,34.5,Transport,0
2025-02-09,SUSHOU581,SUSHOU581 PURCHASE,5.5,Dining,0
2025-02-09,METRO TRANSIT #3958,METRO TRANSIT #3958 PURCHASE,9.48,Transport,0
2025-02-09,SUSHI  SC,SUSHI  SC PURCHASE,25.91,Dining,0
2025-02-09,UBER,UBER PURCHASE,40.62,Transport,0
2025-02-09,LOCALDIN 0210,LOCALDIN 0210 PURCHASE,31.07,Dining,0
2025-02-10,ICLOUD SC,ICLOUD SC PURCHASE,12.23,Subscriptions,0
2025-02-10,PIZZA HUT #9112,PIZZA HUT #9112 PURCHASE,60.22,Dining,0
2025-02-10,CITY POWER & LIGHT #4589,CITY POWER & LIGHT #4589 PURCHASE,108.89,Utilities,0
2025-02-10,SPOTIFY #1780,SPOTIFY #1780 PURCHASE,20.51,Entertainment,0
2025-02-10,NET536,NET536 PURCHASE,26.18,Entertainment,0
2025-02-10,SHELLGAS,SHELLGAS PURCHASE,5.85,Transport,0
2025-02-12,WHOFOO373,WHOFOO373 PURCHASE,42.11,Groceries,0
2025-02-12,SUSHIHOUSE,SUSHIHOUSE PURCHASE,21.96,Dining,0
2025-02-12,WHOFOO926,WHOFOO926 PURCHASE,39.26,Groceries,0
2025-02-13,CITY MEDICAL GROUP #2129,CITY MEDICAL GROUP #2129 PURCHASE,70.29,Healthcare,0
2025-02-14,CKCD AMCTHEATRE,CKCD AMCTHEATRE PURCHASE,18.78,Entertainment,0
2025-02-14,EMPLOYER 029384,EMPLOYER 029384 PURCHASE,2921.88,Income,0
2025-02-15,METROTRANSIT,METROTRANSIT PURCHASE,30.84,Transport,0
2025-02-15,CITPOW&L805,CITPOW&L805 PURCHASE,135.22,Utilities,0
2025-02-15,LOCALDIN 029384,LOCALDIN 029384 PURCHASE,23.07,Dining,0
2025-02-15,COSTCO #2145,COSTCO #2145 PURCHASE,69.94,Groceries,0
2025-02-16,CHIPOTLE #7800,CHIPOTLE #7800 PURCHASE,18.02,Dining,0
2025-02-16,TST* CITYMEDICA,TST* CITYMEDICA PURCHASE,41.77,Healthcare,0
2025-02-21,WALMART,WALMART PURCHASE,39.99,Groceries,0
2025-02-22,UBER SC,UBER SC PURCHASE,33.9,Transport,0
2025-02-22,ADOBE,ADOBE PURCHASE,17.84,Subscriptions,0
2025-02-22,CHIPOT SC,CHIPOT SC PURCHASE,25.88,Dining,0
2025-02-23,BEST BUY,BEST BUY PURCHASE,95.09,Shopping,0
2025-02-24,WATAUT771,WATAUT771 PURCHASE,99.31,Utilities,0
2025-02-26,ICLOUDSTORAGE,ICLOUDSTORAGE PURCHASE,23.14,Subscriptions,0
2025-02-26,SHEGAS848,SHEGAS848 PURCHASE,62.08,Transport,0
2025-02-27,METRO TRANSIT,METRO TRANSIT PURCHASE,77.58,Transport,0
2025-02-27,METTRA188,METTRA188 PURCHASE,37.96,Transport,0
2025-02-27,COSTCO,COSTCO PURCHASE,118.99,Groceries,0
2025-02-28,SHELL GAS,SHELL GAS PURCHASE,33.25,Transport,0
2025-03-01,POS DEBIT EMPLOYERPA,POS DEBIT EMPLOYERPA PURCHASE,2778.66,Income,0
2025-03-01,SQ *METROTRANS,SQ *METROTRANS PURCHASE,25.33,Transport,0
2025-03-01,CITY P SC,CITY P SC PURCHASE,1492.17,Rent,0
2025-03-02,SHEGAS263,SHEGAS263 PURCHASE,63.96,Transport,0
2025-03-03,CKCD SHELLGAS,CKCD SHELLGAS PURCHASE,31.32,Transport,0
2025-03-04,UBER SC,UBER SC PURCHASE,6.69,Transport,0
2025-03-04,STA398,STA398 PURCHASE,15.77,Dining,0
2025-03-04,PIZHUT567,PIZHUT567 PURCHASE,15.67,Dining,0
2025-03-04,POS DEBIT CITYPOWER&,POS DEBIT CITYPOWER& PURCHASE,134.85,Utilities,0
2025-03-05,PIZZAHUT,PIZZAHUT PURCHASE,35.3,Dining,0
2025-03-07,GYM MEMBERSHIP,GYM MEMBERSHIP PURCHASE,12.09,Subscriptions,0
2025-03-07,STARBUCKS,STARBUCKS PURCHASE,28.11,Dining,0
2025-03-08,WATER AUTHORITY #7391,WATER AUTHORITY #7391 PURCHASE,144.53,Utilities,0
2025-03-08,UBE256,UBE256 PURCHASE,22.32,Transport,0
2025-03-09,POS DEBIT PIZZAHUT,POS DEBIT PIZZAHUT PURCHASE,56.67,Dining,0
2025-03-09,TRADER JOE'S #4140,TRADER JOE'S #4140 PURCHASE,82.3,Groceries,0
2025-03-11,PIZZAHUT,PIZZAHUT PURCHASE,38.27,Dining,0
2025-03-11,KRO316,KRO316 PURCHASE,64.73,Groceries,0
2025-03-11,SUSHIHOU AUSTIN TX,SUSHIHOU AUSTIN TX PURCHASE,17.7,Dining,0
2025-03-11,TRADERJOES,TRADERJOES PURCHASE,23.37,Groceries,0
2025-03-12,STE969,STE969 PURCHASE,12.56,Entertainment,0
2025-03-13,BEST BUY,BEST BUY PURCHASE,131.91,Shopping,0
2025-03-14,EMPLOYER PAYROLL,EMPLOYER PAYROLL PURCHASE,2949.07,Income,0
2025-03-14,TARGET AUSTIN TX,TARGET AUSTIN TX PURCHASE,48.76,Shopping,0
2025-03-14,SPOTIF SC,SPOTIF SC PURCHASE,30.22,Entertainment,0
2025-03-15,KROGER,KROGER PURCHASE,78.69,Groceries,0
2025-03-15,SQ *SPOTIFY,SQ *SPOTIFY PURCHASE,34.46,Entertainment,0
2025-03-16,CHIPOTLE AUSTIN TX,CHIPOTLE AUSTIN TX PURCHASE,18.03,Dining,0
2025-03-17,LYFT,LYFT PURCHASE,27.16,Transport,0
2025-03-17,TARGET,TARGET PURCHASE,19.94,Shopping,0
2025-03-18,WAL957,WAL957 PURCHASE,73.78,Healthcare,0
2025-03-18,UBER 0210,UBER 0210 PURCHASE,1.0,Transport,0
2025-03-18,UBER SC,UBER SC PURCHASE,6.78,Transport,0
2025-03-19,SHEGAS788,SHEGAS788 PURCHASE,60.04,Transport,0
2025-03-20,LYFT CHI IL,LYFT CHI IL PURCHASE,11.78,Transport,0
2025-03-22,WHOLEFOO NYC,WHOLEFOO NYC PURCHASE,49.26,Groceries,0
2025-03-22,PIZZA HUT #2534,PIZZA HUT #2534 PURCHASE,23.37,Dining,0
2025-03-26,SHELL  SC,SHELL  SC PURCHASE,23.96,Transport,0
2025-03-26,SHELL GAS #8709,SHELL GAS #8709 PURCHASE,44.82,Transport,0
2025-03-27,CHIPOTLE,CHIPOTLE PURCHASE,31.59,Dining,0
2025-03-27,CITY POWER & LIGHT,CITY POWER & LIGHT PURCHASE,75.32,Utilities,0
2025-03-28,CHIPOTLE #4626,CHIPOTLE #4626 PURCHASE,26.06,Dining,0
2025-04-01,EMPPAY620,EMPPAY620 PURCHASE,2814.87,Income,0
2025-04-01,CITY PROPERTIES LLC #5864,CITY PROPERTIES LLC #5864 PURCHASE,1468.17,Rent,0
2025-04-01,WHOLEFOO NYC,WHOLEFOO NYC PURCHASE,63.59,Groceries,0
2025-04-02,LOCAL  SC,LOCAL  SC PURCHASE,14.35,Dining,0
2025-04-02,SHELLGAS,SHELLGAS PURCHASE,11.69,Transport,0
2025-04-03,PAYPAL *SHELLGAS,PAYPAL *SHELLGAS PURCHASE,2.94,Transport,0
2025-04-04,TRADER JOE'S,TRADER JOE'S PURCHASE,18.04,Groceries,0
2025-04-05,COSTCO NYC,COSTCO NYC PURCHASE,47.47,Groceries,0
2025-04-05,STARBUCK 029384,STARBUCK 029384 PURCHASE,1.0,Dining,0
2025-04-05,UBE405,UBE405 PURCHASE,30.01,Transport,0
2025-04-05,PAYPAL *NETFLIX,PAYPAL *NETFLIX PURCHASE,12.48,Entertainment,0
2025-04-05,PIZZA HUT #2629,PIZZA HUT #2629 PURCHASE,19.67,Dining,0
2025-04-06,SQ *STARBUCKS,SQ *STARBUCKS PURCHASE,6.69,Dining,0
2025-04-07,TARGET,TARGET PURCHASE,85.63,Shopping,0
2025-04-08,CHI878,CHI878 PURCHASE,38.15,Dining,0
2025-04-08,COMCAST,COMCAST PURCHASE,128.0,Utilities,0
2025-04-11,COM491,COM491 PURCHASE,107.96,Utilities,0
2025-04-12,GYM MEMBERSHIP #712,GYM MEMBERSHIP #712 PURCHASE,9.93,Subscriptions,0
2025-04-13,POS DEBIT KROGER,POS DEBIT KROGER PURCHASE,37.0,Groceries,0
2025-04-13,METROTRANSIT,METROTRANSIT PURCHASE,15.62,Transport,0
2025-04-14,SQ *EMPLOYERPA,SQ *EMPLOYERPA PURCHASE,2766.29,Income,0
2025-04-15,H&M #5245,H&M #5245 PURCHASE,115.97,Shopping,0
2025-04-15,LYFT 029384,LYFT 029384 PURCHASE,17.8,Transport,0
2025-04-15,LOCAL DINER #9055,LOCAL DINER #9055 PURCHASE,48.29,Dining,0
2025-04-16,WALMART,WALMART PURCHASE,45.37,Groceries,0
2025-04-18,CHIPOTLE #1221,CHIPOTLE #1221 PURCHASE,15.55,Dining,0
2025-04-18,PIZZAHUT CHI IL,PIZZAHUT CHI IL PURCHASE,33.72,Dining,0
2025-04-20,PIZZAHUT 029384,PIZZAHUT 029384 PURCHASE,30.43,Dining,0
2025-04-21,TST* LYFT,TST* LYFT PURCHASE,27.04,Transport,0
2025-04-21,WHOLE  SC,WHOLE  SC PURCHASE,81.43,Groceries,0
2025-04-21,LOCALDIN NYC,LOCALDIN NYC PURCHASE,42.43,Dining,0
2025-04-21,CITPOW&L839,CITPOW&L839 PURCHASE,121.44,Utilities,0
2025-04-21,POS DEBIT SPOTIFY,POS DEBIT SPOTIFY PURCHASE,16.27,Entertainment,0
2025-04-21,WHOLE FOODS #8417,WHOLE FOODS #8417 PURCHASE,10.92,Groceries,0
2025-04-22,CKCD CITYPOWER&,CKCD CITYPOWER& PURCHASE,136.14,Utilities,0
2025-04-22,STARBU SC,STARBU SC PURCHASE,14.96,Dining,0
2025-04-24,METROTRANSIT,METROTRANSIT PURCHASE,32.85,Transport,0
2025-04-24,COSTCO,COSTCO PURCHASE,52.11,Groceries,0
2025-04-24,CITYPOWE CHI IL,CITYPOWE CHI IL PURCHASE,156.27,Utilities,0
2025-04-25,UBER CHI IL,UBER CHI IL PURCHASE,39.3,Transport,0
2025-04-25,TARGET AUSTIN TX,TARGET AUSTIN TX PURCHASE,96.99,Shopping,0
2025-04-25,TRADER JOE'S #8937,TRADER JOE'S #8937 PURCHASE,63.1,Groceries,0
2025-04-25,GYM MEMBERSHIP,GYM MEMBERSHIP PURCHASE,11.2,Subscriptions,0
2025-04-26,NETFLIX SEATTLE WA,NETFLIX SEATTLE WA PURCHASE,48.49,Entertainment,0
2025-04-27,CITY MEDICAL GROUP,CITY MEDICAL GROUP PURCHASE,83.36,Healthcare,0
2025-04-28,WALMART AUSTIN TX,WALMART AUSTIN TX PURCHASE,43.48,Groceries,0
2025-04-28,CHIPOTLE,CHIPOTLE PURCHASE,33.28,Dining,0
2025-05-01,EMPPAY528,EMPPAY528 PURCHASE,2738.66,Income,0
2025-05-01,CITY PROPERTIES LLC #3877,CITY PROPERTIES LLC #3877 PURCHASE,1441.44,Rent,0
2025-05-02,TRADER SC,TRADER SC PURCHASE,69.55,Groceries,0
2025-05-03,LOCALDINER,LOCALDINER PURCHASE,15.8,Dining,0
2025-05-04,AMA411,AMA411 PURCHASE,132.48,Shopping,0
2025-05-04,PIZZAHUT SEATTLE WA,PIZZAHUT SEATTLE WA PURCHASE,1.0,Dining,0
2025-05-04,SHELLGAS,SHELLGAS PURCHASE,32.69,Transport,0
2025-05-04,POS DEBIT AMCTHEATRE,POS DEBIT AMCTHEATRE PURCHASE,26.92,Entertainment,0
2025-05-05,SPOTIFY,SPOTIFY PURCHASE,1.0,Entertainment,0
2025-05-05,SUSHIHOU AUSTIN TX,SUSHIHOU AUSTIN TX PURCHASE,53.68,Dining,0
2025-05-06,CITMEDGR762,CITMEDGR762 PURCHASE,1.0,Healthcare,0
2025-05-06,LOCALDIN AUSTIN TX,LOCALDIN AUSTIN TX PURCHASE,40.98,Dining,0
2025-05-07,GYM MEMBERSHIP,GYM MEMBERSHIP PURCHASE,8.83,Subscriptions,0
2025-05-07,CKCD SHELLGAS,CKCD SHELLGAS PURCHASE,76.26,Transport,0
2025-05-07,TST* CITYPOWER&,TST* CITYPOWER& PURCHASE,76.76,Utilities,0
2025-05-07,COS419,COS419 PURCHASE,73.87,Groceries,0
2025-05-07,WALGREENS,WALGREENS PURCHASE,62.77,Healthcare,0
2025-05-08,UBER,UBER PURCHASE,54.99,Transport,0
2025-05-09,CITY MEDICAL GROUP #5104,CITY MEDICAL GROUP #5104 PURCHASE,43.13,Healthcare,0
2025-05-09,TST* WATERAUTHO,TST* WATERAUTHO PURCHASE,89.2,Utilities,0
2025-05-10,CITY MEDICAL GROUP,CITY MEDICAL GROUP PURCHASE,17.38,Healthcare,0
2025-05-10,STARBU SC,STARBU SC PURCHASE,25.18,Dining,0
2025-05-13,ADOBE,ADOBE PURCHASE,9.14,Subscriptions,0
2025-05-14,WALGRE SC,WALGRE SC PURCHASE,38.12,Healthcare,0
2025-05-14,ADOBE #8481,ADOBE #8481 PURCHASE,24.73,Subscriptions,0
2025-05-14,EMPLOY SC,EMPLOY SC PURCHASE,2769.75,Income,0
2025-05-16,CVSPHARMACY,CVSPHARMACY PURCHASE,48.44,Healthcare,0
2025-05-18,TRADER SC,TRADER SC PURCHASE,77.36,Groceries,0
2025-05-19,LOCALDIN CHI IL,LOCALDIN CHI IL PURCHASE,18.41,Dining,0
2025-05-19,LOCAL DINER,LOCAL DINER PURCHASE,38.96,Dining,0
2025-05-20,AMA251,AMA251 PURCHASE,74.32,Shopping,0
2025-05-21,ADOBE SC,ADOBE SC PURCHASE,15.17,Subscriptions,0
2025-05-22,SHELL  SC,SHELL  SC PURCHASE,10.07,Transport,0
2025-05-22,STARBUCKS #1691,STARBUCKS #1691 PURCHASE,37.81,Dining,0
2025-05-22,GYMMEMBERSHIP,GYMMEMBERSHIP PURCHASE,18.47,Subscriptions,0
2025-05-22,PIZZA HUT,PIZZA HUT PURCHASE,18.3,Dining,0
2025-05-24,WATER AUTHORITY #4768,WATER AUTHORITY #4768 PURCHASE,123.99,Utilities,0
2025-05-24,COMCAST,COMCAST PURCHASE,152.21,Utilities,0
2025-05-24,PAYPAL *CHIPOTLE,PAYPAL *CHIPOTLE PURCHASE,39.24,Dining,0
2025-05-26,PIZZAHUT,PIZZAHUT PURCHASE,20.93,Dining,0
2025-05-26,LOCAL DINER #3688,LOCAL DINER #3688 PURCHASE,21.41,Dining,0
2025-05-27,WALMAR SC,WALMAR SC PURCHASE,77.19,Groceries,0
2025-05-27,PIZZAHUT 029384,PIZZAHUT 029384 PURCHASE,17.15,Dining,0
2025-05-27,LYFT 029384,LYFT 029384 PURCHASE,1.0,Transport,0
2025-06-01,CKCD CITYMEDICA,CKCD CITYMEDICA PURCHASE,31.58,Healthcare,0
2025-06-01,GREENVIEWAPARTMENTS,GREENVIEWAPARTMENTS PURCHASE,1400.76,Rent,0
2025-06-01,EMPPAY716,EMPPAY716 PURCHASE,2761.18,Income,0
2025-06-01,AMAZON #3741,AMAZON #3741 PURCHASE,147.3,Shopping,0
2025-06-02,H&M CHI IL,H&M CHI IL PURCHASE,18.74,Shopping,0
2025-06-03,TARGET,TARGET PURCHASE,68.18,Shopping,0
2025-06-04,SPOTIFY,SPOTIFY PURCHASE,23.74,Entertainment,0
2025-06-04,STARBUCKS #7824,STARBUCKS #7824 PURCHASE,14.51,Dining,0
2025-06-04,ADOBE SEATTLE WA,ADOBE SEATTLE WA PURCHASE,17.79,Subscriptions,0
2025-06-05,PIZZA HUT #1722,PIZZA HUT #1722 PURCHASE,37.06,Dining,0
2025-06-05,LYFT SC,LYFT SC PURCHASE,42.99,Transport,0
2025-06-06,METTRA148,METTRA148 PURCHASE,46.84,Transport,0
2025-06-06,NET965,NET965 PURCHASE,22.44,Entertainment,0
2025-06-07,WATER AUTHORITY #8448,WATER AUTHORITY #8448 PURCHASE,99.0,Utilities,0
2025-06-08,WALMART,WALMART PURCHASE,25.09,Groceries,0
2025-06-08,UBER,UBER PURCHASE,9.68,Transport,0
2025-06-08,WALMART,WALMART PURCHASE,88.91,Groceries,0
2025-06-08,BEST BUY #6592,BEST BUY #6592 PURCHASE,52.08,Shopping,0
2025-06-08,LYFT SC,LYFT SC PURCHASE,38.81,Transport,0
2025-06-09,CKCD KROGER,CKCD KROGER PURCHASE,53.2,Groceries,0
2025-06-09,SUSHOU477,SUSHOU477 PURCHASE,36.56,Dining,0
2025-06-09,POS DEBIT TARGET,POS DEBIT TARGET PURCHASE,112.69,Shopping,0
2025-06-09,GYM MEMBERSHIP #3404,GYM MEMBERSHIP #3404 PURCHASE,15.38,Subscriptions,0
2025-06-10,NETFLI SC,NETFLI SC PURCHASE,1.0,Entertainment,0
2025-06-10,PIZZA HUT #2011,PIZZA HUT #2011 PURCHASE,1.0,Dining,0
2025-06-11,UBER,UBER PURCHASE,10.01,Transport,0
2025-06-14,PAYPAL *EMPLOYERPA,PAYPAL *EMPLOYERPA PURCHASE,2817.04,Income,0
2025-06-14,LYF670,LYF670 PURCHASE,61.54,Transport,0
2025-06-15,LOCDIN701,LOCDIN701 PURCHASE,20.36,Dining,0
2025-06-16,CHIPOT SC,CHIPOT SC PURCHASE,51.56,Dining,0
2025-06-18,METRO  SC,METRO  SC PURCHASE,20.56,Transport,0
2025-06-19,KROGER,KROGER PURCHASE,80.09,Groceries,0
2025-06-19,TRADER JOE'S,TRADER JOE'S PURCHASE,75.31,Groceries,0
2025-06-20,STA943,STA943 PURCHASE,24.87,Dining,0
2025-06-21,CITYPOWER&LIGHT,CITYPOWER&LIGHT PURCHASE,131.01,Utilities,0
2025-06-21,WHOLEFOODS,WHOLEFOODS PURCHASE,27.34,Groceries,0
2025-06-22,METRO  SC,METRO  SC PURCHASE,52.89,Transport,0
2025-06-22,LOCAL DINER #9677,LOCAL DINER #9677 PURCHASE,35.01,Dining,0
2025-06-22,AMAZON,AMAZON PURCHASE,45.22,Shopping,0
2025-06-24,TARGET,TARGET PURCHASE,76.05,Shopping,0
2025-07-01,EMPLOYER PAYROLL #3391,EMPLOYER PAYROLL #3391 PURCHASE,2816.06,Income,0
2025-07-01,CITYPROPER,CITYPROPER PURCHASE,1422.1,Rent,0
2025-07-01,UBER 029384,UBER 029384 PURCHASE,7.48,Transport,0
2025-07-01,H&M #5983,H&M #5983 PURCHASE,97.32,Shopping,0
2025-07-02,LOCALDIN SEATTLE WA,LOCALDIN SEATTLE WA PURCHASE,34.21,Dining,0
2025-07-02,SQ *UBER,SQ *UBER PURCHASE,17.32,Transport,0
2025-07-03,SQ *KROGER,SQ *KROGER PURCHASE,41.64,Groceries,0
2025-07-04,WALMAR SC,WALMAR SC PURCHASE,19.53,Groceries,0
2025-07-05,KROGER SEATTLE WA,KROGER SEATTLE WA PURCHASE,55.48,Groceries,0
2025-07-05,AMAZON SC,AMAZON SC PURCHASE,68.46,Shopping,0
2025-07-05,SUSHIHOUSE,SUSHIHOUSE PURCHASE,33.39,Dining,0
2025-07-06,ADOBE SC,ADOBE SC PURCHASE,10.43,Subscriptions,0
2025-07-06,BEST B SC,BEST B SC PURCHASE,39.91,Shopping,0
2025-07-06,STEAM,STEAM PURCHASE,12.15,Entertainment,0
2025-07-09,METROTRANSIT,METROTRANSIT PURCHASE,24.43,Transport,0
2025-07-10,WALGREENS #1871,WALGREENS #1871 PURCHASE,45.4,Healthcare,0
2025-07-10,LYFT,LYFT PURCHASE,20.59,Transport,0
2025-07-11,ADOBE,ADOBE PURCHASE,15.41,Subscriptions,0
2025-07-12,CHIPOTLE,CHIPOTLE PURCHASE,45.37,Dining,0
2025-07-12,AMCTHEAT AUSTIN TX,AMCTHEAT AUSTIN TX PURCHASE,7.26,Entertainment,0
2025-07-12,TARGET,TARGET PURCHASE,23.94,Shopping,0
2025-07-13,WHOFOO533,WHOFOO533 PURCHASE,73.59,Groceries,0
2025-07-13,LOCAL DINER,LOCAL DINER PURCHASE,18.5,Dining,0
2025-07-14,EMPLOYERPA,EMPLOYERPA PURCHASE,2800.3,Income,0
2025-07-14,TARGET 0210,TARGET 0210 PURCHASE,55.57,Shopping,0
2025-07-16,UBER #3450,UBER #3450 PURCHASE,46.63,Transport,0
2025-07-16,TRADER JOE'S,TRADER JOE'S PURCHASE,35.27,Groceries,0
2025-07-18,H&M,H&M PURCHASE,103.64,Shopping,0
2025-07-19,BEST BUY #6463,BEST BUY #6463 PURCHASE,94.93,Shopping,0
2025-07-20,PAYPAL *TARGET,PAYPAL *TARGET PURCHASE,1.0,Shopping,0
2025-07-22,STARBUCKS,STARBUCKS PURCHASE,28.06,Dining,0
2025-07-24,H&M SC,H&M SC PURCHASE,38.83,Shopping,0
2025-07-25,LYFT #6336,LYFT #6336 PURCHASE,26.67,Transport,0
2025-07-26,UBER #7954,UBER #7954 PURCHASE,35.87,Transport,0
2025-07-26,METRO  SC,METRO  SC PURCHASE,48.88,Transport,0
2025-07-26,WALMAR SC,WALMAR SC PURCHASE,77.59,Groceries,0
2025-07-27,WALMAR SC,WALMAR SC PURCHASE,17.62,Groceries,0
2025-07-28,LYFT,LYFT PURCHASE,40.68,Transport,0
2025-07-28,WALMART #1712,WALMART #1712 PURCHASE,81.06,Groceries,0
2025-08-01,LOCALDINER,LOCALDINER PURCHASE,15.04,Dining,0
2025-08-01,CITY PROPERTIES LLC #1747,CITY PROPERTIES LLC #1747 PURCHASE,1452.4,Rent,0
2025-08-01,PAYPAL *EMPLOYERPA,PAYPAL *EMPLOYERPA PURCHASE,2843.69,Income,0
2025-08-02,COSTCO,COSTCO PURCHASE,79.22,Groceries,0
2025-08-02,SQ *METROTRANS,SQ *METROTRANS PURCHASE,35.54,Transport,0
2025-08-02,COSTCO,COSTCO PURCHASE,46.81,Groceries,0
2025-08-02,ICLSTO420,ICLSTO420 PURCHASE,15.71,Subscriptions,0
2025-08-02,COSTCO,COSTCO PURCHASE,37.45,Groceries,0
2025-08-03,SPOTIFY,SPOTIFY PURCHASE,20.93,Entertainment,0
2025-08-03,UBER #249,UBER #249 PURCHASE,28.97,Transport,0
2025-08-04,ADO972,ADO972 PURCHASE,26.6,Subscriptions,0
2025-08-08,WHOLE FOODS #6584,WHOLE FOODS #6584 PURCHASE,61.53,Groceries,0
2025-08-09,CHIPOTLE,CHIPOTLE PURCHASE,45.4,Dining,0
2025-08-09,METROTRA 029384,METROTRA 029384 PURCHASE,49.86,Transport,0
2025-08-09,AMAZON #3694,AMAZON #3694 PURCHASE,55.78,Shopping,0
2025-08-10,CVS PHARMACY,CVS PHARMACY PURCHASE,10.53,Healthcare,0
2025-08-10,ICLOUDST SEATTLE WA,ICLOUDST SEATTLE WA PURCHASE,21.07,Subscriptions,0
2025-08-10,TARGET,TARGET PURCHASE,92.02,Shopping,0
2025-08-12,UBER,UBER PURCHASE,32.06,Transport,0
2025-08-13,UBER #8280,UBER #8280 PURCHASE,29.32,Transport,0
2025-08-14,EMPLOYER CHI IL,EMPLOYER CHI IL PURCHASE,2919.06,Income,0
2025-08-14,CKCD SHELLGAS,CKCD SHELLGAS PURCHASE,1.0,Transport,0
2025-08-14,NET228,NET228 PURCHASE,9.66,Entertainment,0
2025-08-17,WHOLE FOODS #4372,WHOLE FOODS #4372 PURCHASE,62.4,Groceries,0
2025-08-18,SHELLGAS NYC,SHELLGAS NYC PURCHASE,32.71,Transport,0
2025-08-19,TST* TARGET,TST* TARGET PURCHASE,37.09,Shopping,0
2025-08-19,METROTRANSIT,METROTRANSIT PURCHASE,4.65,Transport,0
2025-08-19,STARBUCK SEATTLE WA,STARBUCK SEATTLE WA PURCHASE,38.09,Dining,0
2025-08-19,SPOTIFY,SPOTIFY PURCHASE,37.76,Entertainment,0
2025-08-20,CHIPOTLE #4642,CHIPOTLE #4642 PURCHASE,42.32,Dining,0
2025-08-20,POS DEBIT WALMART,POS DEBIT WALMART PURCHASE,18.41,Groceries,0
2025-08-21,WAL771,WAL771 PURCHASE,81.76,Healthcare,0
2025-08-21,ADOBE #5484,ADOBE #5484 PURCHASE,16.97,Subscriptions,0
2025-08-22,SHELLGAS,SHELLGAS PURCHASE,23.45,Transport,0
2025-08-22,SQ *TRADERJOES,SQ *TRADERJOES PURCHASE,45.2,Groceries,0
2025-08-24,BEST BUY #9792,BEST BUY #9792 PURCHASE,1.0,Shopping,0
2025-08-24,GYM ME SC,GYM ME SC PURCHASE,13.42,Subscriptions,0
2025-08-26,CITYMEDICALGROUP,CITYMEDICALGROUP PURCHASE,33.26,Healthcare,0
2025-08-26,COSTCO,COSTCO PURCHASE,57.43,Groceries,0
2025-08-26,STARBUCKS,STARBUCKS PURCHASE,17.84,Dining,0
2025-08-26,POS DEBIT STEAM,POS DEBIT STEAM PURCHASE,19.9,Entertainment,0
2025-08-27,TARGET AUSTIN TX,TARGET AUSTIN TX PURCHASE,131.23,Shopping,0
2025-08-27,GYM MEMBERSHIP,GYM MEMBERSHIP PURCHASE,9.54,Subscriptions,0
2025-09-01,EMPLOYERPAYROLL,EMPLOYERPAYROLL PURCHASE,2894.96,Income,0
2025-09-01,GREENVIEWAPARTMENTS,GREENVIEWAPARTMENTS PURCHASE,1368.57,Rent,0
2025-09-01,SQ *COMCAST,SQ *COMCAST PURCHASE,133.2,Utilities,0
2025-09-03,METROTRANS,METROTRANS PURCHASE,59.17,Transport,0
2025-09-03,NETFLIX,NETFLIX PURCHASE,36.75,Entertainment,0
2025-09-04,WALMART,WALMART PURCHASE,34.94,Groceries,0
2025-09-04,STE265,STE265 PURCHASE,1.0,Entertainment,0
2025-09-05,AMA174,AMA174 PURCHASE,1.0,Shopping,0
2025-09-06,SHELLGAS,SHELLGAS PURCHASE,39.93,Transport,0
2025-09-08,SPOTIFY #8601,SPOTIFY #8601 PURCHASE,31.3,Entertainment,0
2025-09-10,SHELLGAS CHI IL,SHELLGAS CHI IL PURCHASE,1.0,Transport,0
2025-09-10,SHELL  SC,SHELL  SC PURCHASE,21.56,Transport,0
2025-09-11,CKCD CITYPOWER&,CKCD CITYPOWER& PURCHASE,76.56,Utilities,0
2025-09-12,METROTRANSIT,METROTRANSIT PURCHASE,42.92,Transport,0
2025-09-12,WALMAR SC,WALMAR SC PURCHASE,50.97,Groceries,0
2025-09-13,ICLOUDST CHI IL,ICLOUDST CHI IL PURCHASE,131.0,Subscriptions,1
2025-09-14,EMPLOYER PAYROLL #1027,EMPLOYER PAYROLL #1027 PURCHASE,2651.51,Income,0
2025-09-15,SQ *WHOLEFOODS,SQ *WHOLEFOODS PURCHASE,46.43,Groceries,0
2025-09-15,CHIPOTLE,CHIPOTLE PURCHASE,14.76,Dining,0
2025-09-16,PIZHUT210,PIZHUT210 PURCHASE,24.93,Dining,0
2025-09-16,WATER AUTHORITY #9830,WATER AUTHORITY #9830 PURCHASE,104.23,Utilities,0
2025-09-18,METROTRANSIT,METROTRANSIT PURCHASE,39.48,Transport,0
2025-09-19,CHIPOTLE,CHIPOTLE PURCHASE,48.55,Dining,0
2025-09-20,TARGET SEATTLE WA,TARGET SEATTLE WA PURCHASE,72.95,Shopping,0
2025-09-20,LYFT,LYFT PURCHASE,66.1,Transport,0
2025-09-20,TARGET #426,TARGET #426 PURCHASE,67.17,Shopping,0
2025-09-22,CITY POWER & LIGHT,CITY POWER & LIGHT PURCHASE,54.04,Utilities,0
2025-09-22,H&M #9701,H&M #9701 PURCHASE,57.98,Shopping,0
2025-09-24,SUSHI HOUSE,SUSHI HOUSE PURCHASE,20.47,Dining,0
2025-09-24,CVS PH SC,CVS PH SC PURCHASE,43.16,Healthcare,0
2025-09-24,POS DEBIT CHIPOTLE,POS DEBIT CHIPOTLE PURCHASE,1.0,Dining,0
2025-09-24,ADOBE SC,ADOBE SC PURCHASE,17.52,Subscriptions,0
2025-09-27,STEAM NYC,STEAM NYC PURCHASE,4.28,Entertainment,0
2025-09-28,BESBUY251,BESBUY251 PURCHASE,48.34,Shopping,0
2025-09-28,SHELLGAS SEATTLE WA,SHELLGAS SEATTLE WA PURCHASE,58.27,Transport,0
2025-10-01,EMPLOYERPAYROLL,EMPLOYERPAYROLL PURCHASE,2544.61,Income,0
2025-10-01,CITPROLL666,CITPROLL666 PURCHASE,1377.78,Rent,0
2025-10-01,WALMART,WALMART PURCHASE,83.57,Groceries,0
2025-10-01,COSTCO #5005,COSTCO #5005 PURCHASE,56.51,Groceries,0
2025-10-03,STE257,STE257 PURCHASE,12.49,Entertainment,0
2025-10-03,WATER AUTHORITY #8891,WATER AUTHORITY #8891 PURCHASE,153.66,Utilities,0
2025-10-04,TST* WALMART,TST* WALMART PURCHASE,116.58,Groceries,0
2025-10-04,CHIPOT SC,CHIPOT SC PURCHASE,36.56,Dining,0
2025-10-05,LOCAL  SC,LOCAL  SC PURCHASE,24.28,Dining,0
2025-10-05,TARGET #7257,TARGET #7257 PURCHASE,8.21,Shopping,0
2025-10-05,METROTRANSIT,METROTRANSIT PURCHASE,4.18,Transport,0
2025-10-06,BEST B SC,BEST B SC PURCHASE,106.43,Shopping,0
2025-10-07,WHOLEFOODS,WHOLEFOODS PURCHASE,50.19,Groceries,0
2025-10-07,SPOTIFY,SPOTIFY PURCHASE,14.5,Entertainment,0
2025-10-09,CKCD TRADERJOES,CKCD TRADERJOES PURCHASE,25.78,Groceries,0
2025-10-09,WAL889,WAL889 PURCHASE,54.13,Groceries,0
2025-10-10,WATER  SC,WATER  SC PURCHASE,104.94,Utilities,0
2025-10-10,BESBUY846,BESBUY846 PURCHASE,41.29,Shopping,0
2025-10-13,LYFT SC,LYFT SC PURCHASE,54.14,Transport,0
2025-10-13,CITYMEDI 0210,CITYMEDI 0210 PURCHASE,1.0,Healthcare,0
2025-10-14,CHIPOTLE #5220,CHIPOTLE #5220 PURCHASE,26.33,Dining,0
2025-10-14,PAYPAL *UBER,PAYPAL *UBER PURCHASE,15.63,Transport,0
2025-10-14,EMPLOYER 0210,EMPLOYER 0210 PURCHASE,2893.43,Income,0
2025-10-14,GYMMEM235,GYMMEM235 PURCHASE,9.65,Subscriptions,0
2025-10-15,STARBU SC,STARBU SC PURCHASE,32.39,Dining,0
2025-10-16,WHOLEFOO CHI IL,WHOLEFOO CHI IL PURCHASE,62.54,Groceries,0
2025-10-18,PAYPAL *SHELLGAS,PAYPAL *SHELLGAS PURCHASE,33.57,Transport,0
2025-10-19,H&M #9397,H&M #9397 PURCHASE,73.86,Shopping,0
2025-10-19,METROTRANSIT,METROTRANSIT PURCHASE,40.46,Transport,0
2025-10-20,SPOTIFY,SPOTIFY PURCHASE,15.42,Entertainment,0
2025-10-20,SUSHI  SC,SUSHI  SC PURCHASE,44.07,Dining,0
2025-10-23,METRO TRANSIT #4541,METRO TRANSIT #4541 PURCHASE,23.74,Transport,0
2025-10-24,AMA427,AMA427 PURCHASE,79.08,Shopping,0
2025-10-26,TARGET #9365,TARGET #9365 PURCHASE,58.12,Shopping,0
2025-10-26,SHELL GAS,SHELL GAS PURCHASE,2.57,Transport,0
2025-10-27,WHOLEFOODS,WHOLEFOODS PURCHASE,73.8,Groceries,0
2025-10-27,CKCD COSTCO,CKCD COSTCO PURCHASE,65.1,Groceries,0
2025-11-01,TRADERJO 029384,TRADERJO 029384 PURCHASE,45.86,Groceries,0
2025-11-01,LYFT,LYFT PURCHASE,18.14,Transport,0
2025-11-01,SQ *GREENVIEWA,SQ *GREENVIEWA PURCHASE,1316.54,Rent,0
2025-11-01,EMPLOYER 0210,EMPLOYER 0210 PURCHASE,2663.31,Income,0
2025-11-01,NETFLI SC,NETFLI SC PURCHASE,1.0,Entertainment,0
2025-11-02,WHOFOO466,WHOFOO466 PURCHASE,97.67,Groceries,0
2025-11-02,SPO526,SPO526 PURCHASE,15.04,Entertainment,0
2025-11-02,ADOBE CHI IL,ADOBE CHI IL PURCHASE,10.55,Subscriptions,0
2025-11-03,SHELLGAS 029384,SHELLGAS 029384 PURCHASE,2.65,Transport,0
2025-11-03,BESTBUY,BESTBUY PURCHASE,1.0,Shopping,0
2025-11-03,CKCD COMCAST,CKCD COMCAST PURCHASE,159.32,Utilities,0
2025-11-04,SUSHI  SC,SUSHI  SC PURCHASE,32.1,Dining,0
2025-11-05,POS DEBIT SHELLGAS,POS DEBIT SHELLGAS PURCHASE,1.0,Transport,0
2025-11-07,WALGREEN 029384,WALGREEN 029384 PURCHASE,46.72,Healthcare,0
2025-11-08,CKCD WALMART,CKCD WALMART PURCHASE,76.84,Groceries,0
2025-11-08,CHIPOTLE NYC,CHIPOTLE NYC PURCHASE,25.82,Dining,0
2025-11-08,NETFLIX,NETFLIX PURCHASE,28.22,Entertainment,0
2025-11-08,LYF542,LYF542 PURCHASE,14.09,Transport,0
2025-11-09,SUSHIHOU 0210,SUSHIHOU 0210 PURCHASE,59.14,Dining,0
2025-11-10,TRADER SC,TRADER SC PURCHASE,68.41,Groceries,0
2025-11-11,COM881,COM881 PURCHASE,139.51,Utilities,0
2025-11-11,PAYPAL *WHOLEFOODS,PAYPAL *WHOLEFOODS PURCHASE,32.13,Groceries,0
2025-11-12,STARBUCKS,STARBUCKS PURCHASE,19.85,Dining,0
2025-11-13,WALMART #7811,WALMART #7811 PURCHASE,24.43,Groceries,0
2025-11-14,EMPLOYER CHI IL,EMPLOYER CHI IL PURCHASE,2777.52,Income,0
2025-11-14,TST* CHIPOTLE,TST* CHIPOTLE PURCHASE,31.87,Dining,0
2025-11-16,CITYMEDI SEATTLE WA,CITYMEDI SEATTLE WA PURCHASE,80.92,Healthcare,0
2025-11-17,SQ *METROTRANS,SQ *METROTRANS PURCHASE,47.77,Transport,0
2025-11-18,SUSHI HOUSE #5500,SUSHI HOUSE #5500 PURCHASE,26.04,Dining,0
2025-11-19,METTRA402,METTRA402 PURCHASE,40.94,Transport,0
2025-11-21,UBER,UBER PURCHASE,29.9,Transport,0
2025-11-22,CITYMEDICALGROUP,CITYMEDICALGROUP PURCHASE,43.76,Healthcare,0
2025-11-23,AMA905,AMA905 PURCHASE,112.27,Shopping,0
2025-11-23,LOCALDIN 029384,LOCALDIN 029384 PURCHASE,18.52,Dining,0
2025-11-24,TRADER JOE'S,TRADER JOE'S PURCHASE,71.23,Groceries,0
2025-11-24,TRADER SC,TRADER SC PURCHASE,55.23,Groceries,0
2025-11-27,SUSHIHOU 029384,SUSHIHOU 029384 PURCHASE,31.09,Dining,0
2025-11-28,PIZZA HUT #942,PIZZA HUT #942 PURCHASE,39.75,Dining,0
2025-12-01,AMAZON,AMAZON PURCHASE,187.77,Shopping,0
2025-12-01,EMPLOYER PAYROLL #9146,EMPLOYER PAYROLL #9146 PURCHASE,2682.99,Income,0
2025-12-01,CITYPROPERTIESLLC,CITYPROPERTIESLLC PURCHASE,1361.41,Rent,0
2025-12-02,CHIPOTLE SEATTLE WA,CHIPOTLE SEATTLE WA PURCHASE,1.0,Dining,0
2025-12-03,CVS PH SC,CVS PH SC PURCHASE,54.99,Healthcare,0
2025-12-03,SUSHI HOUSE #3624,SUSHI HOUSE #3624 PURCHASE,39.64,Dining,0
2025-12-03,CHIPOTLE,CHIPOTLE PURCHASE,36.76,Dining,0
2025-12-03,LYFT SC,LYFT SC PURCHASE,39.0,Transport,0
2025-12-05,AMC TH SC,AMC TH SC PURCHASE,1.0,Entertainment,0
2025-12-05,LYFT SC,LYFT SC PURCHASE,6.25,Transport,0
2025-12-06,NETFLIX #6909,NETFLIX #6909 PURCHASE,26.01,Entertainment,0
2025-12-06,H&M #1307,H&M #1307 PURCHASE,112.84,Shopping,0
2025-12-06,LOCALDINER,LOCALDINER PURCHASE,3.21,Dining,0
2025-12-08,STEAM,STEAM PURCHASE,26.52,Entertainment,0
2025-12-08,CITY P SC,CITY P SC PURCHASE,118.63,Utilities,0
2025-12-09,AMAZON,AMAZON PURCHASE,149.01,Shopping,0
2025-12-09,LOCDIN107,LOCDIN107 PURCHASE,30.44,Dining,0
2025-12-09,SQ *GYMMEMBERS,SQ *GYMMEMBERS PURCHASE,19.19,Subscriptions,0
2025-12-10,SQ *LOCALDINER,SQ *LOCALDINER PURCHASE,52.9,Dining,0
2025-12-10,METTRA357,METTRA357 PURCHASE,1.0,Transport,0
2025-12-10,COSTCO SC,COSTCO SC PURCHASE,24.08,Groceries,0
2025-12-11,STEAM,STEAM PURCHASE,29.02,Entertainment,0
2025-12-11,COS968,COS968 PURCHASE,74.55,Groceries,0
2025-12-12,GYMMEMBERSHIP,GYMMEMBERSHIP PURCHASE,27.46,Subscriptions,0
2025-12-12,NETFLIX,NETFLIX PURCHASE,21.19,Entertainment,0
2025-12-12,PAYPAL *PIZZAHUT,PAYPAL *PIZZAHUT PURCHASE,40.49,Dining,0
2025-12-13,COSTCO,COSTCO PURCHASE,60.69,Groceries,0
2025-12-14,EMPPAY748,EMPPAY748 PURCHASE,2619.8,Income,0
2025-12-14,H&M,H&M PURCHASE,217.8,Shopping,0
2025-12-16,UBER SC,UBER SC PURCHASE,46.73,Transport,0
2025-12-16,SQ *SUSHIHOUSE,SQ *SUSHIHOUSE PURCHASE,1.0,Dining,0
2025-12-16,ICLOUD STORAGE,ICLOUD STORAGE PURCHASE,14.97,Subscriptions,0
2025-12-17,COS541,COS541 PURCHASE,61.5,Groceries,0
2025-12-19,TRADER JOE'S,TRADER JOE'S PURCHASE,59.62,Groceries,0
2025-12-19,WHOLE FOODS #726,WHOLE FOODS #726 PURCHASE,87.68,Groceries,0
2025-12-19,GYMMEMBE CHI IL,GYMMEMBE CHI IL PURCHASE,16.94,Subscriptions,0
2025-12-20,WATAUT782,WATAUT782 PURCHASE,127.3,Utilities,0
2025-12-20,PIZZA HUT,PIZZA HUT PURCHASE,4.67,Dining,0
2025-12-20,STEAM 029384,STEAM 029384 PURCHASE,8.27,Entertainment,0
2025-12-21,CITYPOWE 029384,CITYPOWE 029384 PURCHASE,117.02,Utilities,0
2025-12-21,METRO TRANSIT,METRO TRANSIT PURCHASE,50.59,Transport,0
2025-12-22,CHIPOT SC,CHIPOT SC PURCHASE,22.63,Dining,0
2025-12-22,METRO TRANSIT #2877,METRO TRANSIT #2877 PURCHASE,10.42,Transport,0
2025-12-22,PIZZA HUT,PIZZA HUT PURCHASE,23.34,Dining,0
2025-12-23,WHOFOO296,WHOFOO296 PURCHASE,21.99,Groceries,0
2025-12-24,WAL796,WAL796 PURCHASE,27.12,Healthcare,0
2025-12-24,WHOLE  SC,WHOLE  SC PURCHASE,14.81,Groceries,0
2025-12-25,SHELLGAS,SHELLGAS PURCHASE,39.59,Transport,0
2025-12-26,WALGRE SC,WALGRE SC PURCHASE,1.11,Healthcare,0
2025-12-27,H&M,H&M PURCHASE,217.16,Shopping,0
2025-12-28,SQ *CVSPHARMAC,SQ *CVSPHARMAC PURCHASE,74.48,Healthcare,0
2026-01-01,GREENV SC,GREENV SC PURCHASE,1483.07,Rent,0
2026-01-01,EMPLOYERPAYROLL,EMPLOYERPAYROLL PURCHASE,2854.15,Income,0
2026-01-01,CITYPOWE 0210,CITYPOWE 0210 PURCHASE,113.12,Utilities,0
2026-01-01,TST* WHOLEFOODS,TST* WHOLEFOODS PURCHASE,37.14,Groceries,0
2026-01-04,PIZZA  SC,PIZZA  SC PURCHASE,23.9,Dining,0
2026-01-04,ICLSTO454,ICLSTO454 PURCHASE,17.84,Subscriptions,0
2026-01-05,LYFT SC,LYFT SC PURCHASE,37.73,Transport,0
2026-01-06,SUSHIHOU SEATTLE WA,SUSHIHOU SEATTLE WA PURCHASE,29.13,Dining,0
2026-01-06,AMAZON SC,AMAZON SC PURCHASE,32.5,Shopping,0
2026-01-07,METTRA170,METTRA170 PURCHASE,48.96,Transport,0
2026-01-07,SQ *SPOTIFY,SQ *SPOTIFY PURCHASE,1.71,Entertainment,0
2026-01-07,KRO349,KRO349 PURCHASE,74.68,Groceries,0
2026-01-10,LOCAL DINER,LOCAL DINER PURCHASE,8.54,Dining,0
2026-01-10,TRADERJOES,TRADERJOES PURCHASE,71.41,Groceries,0
2026-01-11,UBE398,UBE398 PURCHASE,33.74,Transport,0
2026-01-13,TRADERJO 0210,TRADERJO 0210 PURCHASE,62.33,Groceries,0
2026-01-14,EMPLOYER PAYROLL,EMPLOYER PAYROLL PURCHASE,2875.92,Income,0
2026-01-14,STARBUCKS,STARBUCKS PURCHASE,36.13,Dining,0
2026-01-14,SQ *CHIPOTLE,SQ *CHIPOTLE PURCHASE,35.5,Dining,0
2026-01-14,SUSHI HOUSE #6726,SUSHI HOUSE #6726 PURCHASE,23.02,Dining,0
2026-01-14,SUSHIHOU CHI IL,SUSHIHOU CHI IL PURCHASE,29.43,Dining,0
2026-01-16,UBER,UBER PURCHASE,29.29,Transport,0
2026-01-16,AMCTHEATRES,AMCTHEATRES PURCHASE,16.32,Entertainment,0
2026-01-16,AMAZON SC,AMAZON SC PURCHASE,61.94,Shopping,0
2026-01-16,POS DEBIT COSTCO,POS DEBIT COSTCO PURCHASE,30.63,Groceries,0
2026-01-17,CHIPOTLE #8793,CHIPOTLE #8793 PURCHASE,30.11,Dining,0
2026-01-17,KROGER,KROGER PURCHASE,66.85,Groceries,0
2026-01-17,SUSHI HOUSE,SUSHI HOUSE PURCHASE,47.15,Dining,0
2026-01-18,UBE844,UBE844 PURCHASE,10.54,Transport,0
2026-01-18,SHELLGAS,SHELLGAS PURCHASE,30.54,Transport,0
2026-01-19,CITY MEDICAL GROUP,CITY MEDICAL GROUP PURCHASE,30.97,Healthcare,0
2026-01-19,METRO  SC,METRO  SC PURCHASE,30.51,Transport,0
2026-01-21,METRO TRANSIT #9535,METRO TRANSIT #9535 PURCHASE,34.89,Transport,0
2026-01-21,ICLOUD STORAGE,ICLOUD STORAGE PURCHASE,18.0,Subscriptions,0
2026-01-21,SHELL GAS #1891,SHELL GAS #1891 PURCHASE,46.89,Transport,0
2026-01-21,PIZZA  SC,PIZZA  SC PURCHASE,29.18,Dining,0
2026-01-21,WHOLEFOODS,WHOLEFOODS PURCHASE,101.64,Groceries,0
2026-01-22,SUSHI  SC,SUSHI  SC PURCHASE,1.0,Dining,0
2026-01-22,COS938,COS938 PURCHASE,25.22,Groceries,0
2026-01-23,METRO  SC,METRO  SC PURCHASE,42.27,Transport,0
2026-01-23,WALMART SEATTLE WA,WALMART SEATTLE WA PURCHASE,83.96,Groceries,0
2026-01-24,SQ *AMAZON,SQ *AMAZON PURCHASE,111.95,Shopping,0
2026-01-24,STARBUCKS,STARBUCKS PURCHASE,23.7,Dining,0
2026-01-24,CITPOW&L824,CITPOW&L824 PURCHASE,122.23,Utilities,0
2026-01-25,STEAM #8263,STEAM #8263 PURCHASE,14.5,Entertainment,0
2026-01-25,GYMMEM678,GYMMEM678 PURCHASE,12.81,Subscriptions,0
2026-01-26,PAYPAL *LYFT,PAYPAL *LYFT PURCHASE,25.93,Transport,0
2026-01-27,NETFLI SC,NETFLI SC PURCHASE,212.69,Entertainment,1
2026-01-27,LOCALDINER,LOCALDINER PURCHASE,20.77,Dining,0
2026-01-27,SQ *METROTRANS,SQ *METROTRANS PURCHASE,7.02,Transport,0
2026-01-28,CKCD ICLOUDSTOR,CKCD ICLOUDSTOR PURCHASE,20.83,Subscriptions,0
2026-01-28,CITY MEDICAL GROUP,CITY MEDICAL GROUP PURCHASE,18.45,Healthcare,0
2026-02-01,CITY PROPERTIES LLC,CITY PROPERTIES LLC PURCHASE,1383.29,Rent,0
2026-02-01,EMPLOY SC,EMPLOY SC PURCHASE,2742.35,Income,0
2026-02-02,LOCAL  SC,LOCAL  SC PURCHASE,28.89,Dining,0
2026-02-02,CHIPOTLE 029384,CHIPOTLE 029384 PURCHASE,29.54,Dining,0
2026-02-02,STEAM SC,STEAM SC PURCHASE,15.39,Entertainment,0
2026-02-03,PIZZAHUT,PIZZAHUT PURCHASE,11.48,Dining,0
2026-02-04,POS DEBIT KROGER,POS DEBIT KROGER PURCHASE,61.92,Groceries,0
2026-02-05,SPOTIF SC,SPOTIF SC PURCHASE,9.68,Entertainment,0
2026-02-06,SHELL  SC,SHELL  SC PURCHASE,20.71,Transport,0
2026-02-08,UBER CHI IL,UBER CHI IL PURCHASE,53.0,Transport,0
2026-02-08,PIZZAHUT,PIZZAHUT PURCHASE,4.47,Dining,0
2026-02-09,TRADERJOES,TRADERJOES PURCHASE,91.34,Groceries,0
2026-02-09,KROGER #1369,KROGER #1369 PURCHASE,48.38,Groceries,0
2026-02-11,CITY MEDICAL GROUP,CITY MEDICAL GROUP PURCHASE,104.35,Healthcare,0
2026-02-11,WHOLEFOODS,WHOLEFOODS PURCHASE,123.0,Groceries,0
2026-02-13,TRADER JOE'S #3605,TRADER JOE'S #3605 PURCHASE,70.64,Groceries,0
2026-02-13,H&M SC,H&M SC PURCHASE,56.77,Shopping,0
2026-02-14,EMPLOYERPAYROLL,EMPLOYERPAYROLL PURCHASE,2540.9,Income,0
2026-02-14,COSTCO SC,COSTCO SC PURCHASE,55.33,Groceries,0
2026-02-15,CVS PH SC,CVS PH SC PURCHASE,14.94,Healthcare,0
2026-02-16,COMCAST CHI IL,COMCAST CHI IL PURCHASE,133.43,Utilities,0
2026-02-17,CITY POWER & LIGHT,CITY POWER & LIGHT PURCHASE,137.09,Utilities,0
2026-02-17,NET945,NET945 PURCHASE,32.08,Entertainment,0
2026-02-18,CHIPOTLE #7468,CHIPOTLE #7468 PURCHASE,29.69,Dining,0
2026-02-18,KROGER SC,KROGER SC PURCHASE,33.57,Groceries,0
2026-02-20,CKCD WHOLEFOODS,CKCD WHOLEFOODS PURCHASE,75.68,Groceries,0
2026-02-20,AMCTHEAT AUSTIN TX,AMCTHEAT AUSTIN TX PURCHASE,13.08,Entertainment,0
2026-02-20,PIZZA HUT,PIZZA HUT PURCHASE,20.3,Dining,0
2026-02-21,ADOBE CHI IL,ADOBE CHI IL PURCHASE,9.06,Subscriptions,0
2026-02-22,UBER #5751,UBER #5751 PURCHASE,25.3,Transport,0
2026-02-23,COSTCO SEATTLE WA,COSTCO SEATTLE WA PURCHASE,34.48,Groceries,0
2026-02-23,BEST BUY,BEST BUY PURCHASE,89.31,Shopping,0
2026-02-25,COMCAST #2034,COMCAST #2034 PURCHASE,133.7,Utilities,0
2026-02-25,LYFT #7152,LYFT #7152 PURCHASE,11.24,Transport,0
2026-02-26,LOCAL DINER,LOCAL DINER PURCHASE,1.01,Dining,0
2026-02-27,WATAUT480,WATAUT480 PURCHASE,130.28,Utilities,0
2026-02-28,TST* CVSPHARMAC,TST* CVSPHARMAC PURCHASE,66.85,Healthcare,0
2026-02-28,CKCD CHIPOTLE,CKCD CHIPOTLE PURCHASE,47.74,Dining,0
2026-03-01,GREENVIEWAPARTMENTS,GREENVIEWAPARTMENTS PURCHASE,1384.11,Rent,0
2026-03-01,EMPLOY SC,EMPLOY SC PURCHASE,2745.38,Income,0
2026-03-02,CITY P SC,CITY P SC PURCHASE,117.31,Utilities,0
2026-03-02,GYM ME SC,GYM ME SC PURCHASE,27.32,Subscriptions,0
2026-03-02,LOCALDINER,LOCALDINER PURCHASE,27.49,Dining,0
2026-03-03,ICLSTO221,ICLSTO221 PURCHASE,11.75,Subscriptions,0
2026-03-03,BEST BUY,BEST BUY PURCHASE,65.57,Shopping,0
2026-03-04,METRO TRANSIT,METRO TRANSIT PURCHASE,49.18,Transport,0
2026-03-05,SUSHIHOUSE,SUSHIHOUSE PURCHASE,48.27,Dining,0
2026-03-05,SPO502,SPO502 PURCHASE,12.75,Entertainment,0
2026-03-06,ADOBE #8155,ADOBE #8155 PURCHASE,13.23,Subscriptions,0
2026-03-06,SUSHI  SC,SUSHI  SC PURCHASE,59.04,Dining,1
2026-03-06,POS DEBIT UBER,POS DEBIT UBER PURCHASE,23.47,Transport,0
2026-03-07,METTRA498,METTRA498 PURCHASE,21.98,Transport,0
2026-03-07,TARGET #4881,TARGET #4881 PURCHASE,78.1,Shopping,0
2026-03-10,CKCD CHIPOTLE,CKCD CHIPOTLE PURCHASE,40.4,Dining,0
2026-03-10,SUSHIHOU AUSTIN TX,SUSHIHOU AUSTIN TX PURCHASE,26.72,Dining,0
2026-03-11,METTRA916,METTRA916 PURCHASE,71.38,Transport,0
2026-03-11,SPOTIF SC,SPOTIF SC PURCHASE,26.92,Entertainment,0
2026-03-11,METRO  SC,METRO  SC PURCHASE,31.48,Transport,0
2026-03-12,LOCAL DINER,LOCAL DINER PURCHASE,55.71,Dining,0
2026-03-12,CHIPOTLE #6040,CHIPOTLE #6040 PURCHASE,27.55,Dining,0
2026-03-12,LOCDIN518,LOCDIN518 PURCHASE,33.03,Dining,0
2026-03-12,WHOFOO651,WHOFOO651 PURCHASE,53.18,Groceries,0
2026-03-13,TRADER JOE'S,TRADER JOE'S PURCHASE,43.84,Groceries,0
2026-03-13,COS127,COS127 PURCHASE,76.41,Groceries,0
2026-03-14,TRADER SC,TRADER SC PURCHASE,60.35,Groceries,0
2026-03-14,SHELL GAS #2001,SHELL GAS #2001 PURCHASE,32.43,Transport,0
2026-03-14,EMPLOYER PAYROLL,EMPLOYER PAYROLL PURCHASE,2839.18,Income,0
2026-03-15,WALGRE SC,WALGRE SC PURCHASE,59.01,Healthcare,0
2026-03-16,WALMART 029384,WALMART 029384 PURCHASE,17.13,Groceries,0
2026-03-17,AMC THEATRES #842,AMC THEATRES #842 PURCHASE,17.56,Entertainment,0
2026-03-18,COSTCO SC,COSTCO SC PURCHASE,33.83,Groceries,0
2026-03-19,TST* CITYPOWER&,TST* CITYPOWER& PURCHASE,125.9,Utilities,0
2026-03-20,SQ *CHIPOTLE,SQ *CHIPOTLE PURCHASE,12.58,Dining,0
2026-03-21,POS DEBIT ADOBE,POS DEBIT ADOBE PURCHASE,17.65,Subscriptions,0
2026-03-22,PAYPAL *PIZZAHUT,PAYPAL *PIZZAHUT PURCHASE,20.44,Dining,0
2026-03-22,WATER AUTHORITY,WATER AUTHORITY PURCHASE,141.27,Utilities,0
2026-03-25,COSTCO,COSTCO PURCHASE,66.83,Groceries,0
2026-03-25,PIZZA HUT,PIZZA HUT PURCHASE,42.3,Dining,0
2026-03-26,POS DEBIT NETFLIX,POS DEBIT NETFLIX PURCHASE,24.45,Entertainment,0
2026-03-26,SHEGAS763,SHEGAS763 PURCHASE,20.69,Transport,0
2026-03-26,UBER,UBER PURCHASE,55.37,Transport,0
2026-03-27,PAYPAL *SPOTIFY,PAYPAL *SPOTIFY PURCHASE,21.04,Entertainment,0
2026-03-27,ADOBE SC,ADOBE SC PURCHASE,13.5,Subscriptions,0
2026-03-28,STARBUCKS,STARBUCKS PURCHASE,28.64,Dining,0
2026-04-01,EMPLOYER PAYROLL,EMPLOYER PAYROLL PURCHASE,2652.11,Income,0
2026-04-01,KRO543,KRO543 PURCHASE,60.81,Groceries,0
2026-04-01,PIZZAHUT,PIZZAHUT PURCHASE,1.0,Dining,0
2026-04-01,GREENVIE 0210,GREENVIE 0210 PURCHASE,1415.89,Rent,0
2026-04-04,NETFLIX 029384,NETFLIX 029384 PURCHASE,16.18,Entertainment,0
2026-04-04,TST* LOCALDINER,TST* LOCALDINER PURCHASE,22.94,Dining,0
2026-04-04,UBER,UBER PURCHASE,1.0,Transport,0
2026-04-04,AMAZON,AMAZON PURCHASE,35.05,Shopping,0
2026-04-05,POS DEBIT TRADERJOES,POS DEBIT TRADERJOES PURCHASE,61.43,Groceries,0
2026-04-05,LYFT,LYFT PURCHASE,27.02,Transport,0
2026-04-05,PIZZA HUT #1602,PIZZA HUT #1602 PURCHASE,28.0,Dining,0
2026-04-05,CITPOW&L922,CITPOW&L922 PURCHASE,163.2,Utilities,0
2026-04-07,PAYPAL *KROGER,PAYPAL *KROGER PURCHASE,55.6,Groceries,0
2026-04-07,LOCALDIN AUSTIN TX,LOCALDIN AUSTIN TX PURCHASE,19.87,Dining,0
2026-04-07,UBER,UBER PURCHASE,56.16,Transport,0
2026-04-09,METRO  SC,METRO  SC PURCHASE,8.27,Transport,0
2026-04-10,COSTCO,COSTCO PURCHASE,90.93,Groceries,0
2026-04-11,TRADER JOE'S #7549,TRADER JOE'S #7549 PURCHASE,23.86,Groceries,0
2026-04-12,STARBUCK 029384,STARBUCK 029384 PURCHASE,20.96,Dining,0
2026-04-12,SUSHIHOU 0210,SUSHIHOU 0210 PURCHASE,38.29,Dining,0
2026-04-13,CHIPOTLE,CHIPOTLE PURCHASE,17.7,Dining,0
2026-04-13,SUSHIHOU SEATTLE WA,SUSHIHOU SEATTLE WA PURCHASE,1.0,Dining,0
2026-04-14,EMPLOYER PAYROLL,EMPLOYER PAYROLL PURCHASE,2818.34,Income,0
2026-04-15,STARBUCK CHI IL,STARBUCK CHI IL PURCHASE,18.5,Dining,0
2026-04-15,UBE704,UBE704 PURCHASE,42.29,Transport,0
2026-04-15,AMAZON,AMAZON PURCHASE,84.51,Shopping,0
2026-04-16,SPO477,SPO477 PURCHASE,18.13,Entertainment,0
2026-04-17,GYM MEMBERSHIP #3489,GYM MEMBERSHIP #3489 PURCHASE,14.07,Subscriptions,0
2026-04-18,KROGER #6171,KROGER #6171 PURCHASE,79.71,Groceries,0
2026-04-18,AMA528,AMA528 PURCHASE,136.56,Shopping,0
2026-04-18,ADOBE #1589,ADOBE #1589 PURCHASE,11.95,Subscriptions,0
2026-04-18,WALMART NYC,WALMART NYC PURCHASE,39.9,Groceries,0
2026-04-19,TRADERJO AUSTIN TX,TRADERJO AUSTIN TX PURCHASE,55.18,Groceries,0
2026-04-20,STARBUCK CHI IL,STARBUCK CHI IL PURCHASE,46.67,Dining,0
2026-04-20,METROTRA AUSTIN TX,METROTRA AUSTIN TX PURCHASE,10.73,Transport,0
2026-04-21,TST* WALMART,TST* WALMART PURCHASE,62.61,Groceries,0
2026-04-21,H&M,H&M PURCHASE,18.4,Shopping,0
2026-04-22,COSTCO #2083,COSTCO #2083 PURCHASE,88.27,Groceries,0
2026-04-23,AMCTHEAT 029384,AMCTHEAT 029384 PURCHASE,16.17,Entertainment,0
2026-04-24,WALMART,WALMART PURCHASE,76.8,Groceries,0
2026-04-25,KRO581,KRO581 PURCHASE,77.63,Groceries,0
2026-04-25,CKCD STEAM,CKCD STEAM PURCHASE,26.52,Entertainment,0
2026-04-26,H&M,H&M PURCHASE,104.33,Shopping,0
2026-04-26,CVS PH SC,CVS PH SC PURCHASE,52.41,Healthcare,0
2026-04-27,LOCALDIN AUSTIN TX,LOCALDIN AUSTIN TX PURCHASE,45.02,Dining,0
2026-04-27,BESBUY254,BESBUY254 PURCHASE,17.86,Shopping,0
2026-05-01,GREENVIEW APARTMENTS #8661,GREENVIEW APARTMENTS #8661 PURCHASE,1319.39,Rent,0
2026-05-01,SUSHIHOUSE,SUSHIHOUSE PURCHASE,41.84,Dining,0
2026-05-01,TST* LOCALDINER,TST* LOCALDINER PURCHASE,36.95,Dining,0
2026-05-01,EMPLOYER PAYROLL,EMPLOYER PAYROLL PURCHASE,2798.47,Income,0
2026-05-02,STARBU SC,STARBU SC PURCHASE,1.0,Dining,0
2026-05-02,LYFT SEATTLE WA,LYFT SEATTLE WA PURCHASE,15.02,Transport,0
2026-05-03,TST* WHOLEFOODS,TST* WHOLEFOODS PURCHASE,72.16,Groceries,0
2026-05-03,CHI648,CHI648 PURCHASE,24.91,Dining,0
2026-05-04,TST* SUSHIHOUSE,TST* SUSHIHOUSE PURCHASE,32.32,Dining,0
2026-05-05,NETFLI SC,NETFLI SC PURCHASE,15.78,Entertainment,0
2026-05-06,SHELL GAS #9363,SHELL GAS #9363 PURCHASE,19.73,Transport,0
2026-05-06,LYFT,LYFT PURCHASE,18.53,Transport,0
2026-05-08,LYFT AUSTIN TX,LYFT AUSTIN TX PURCHASE,33.65,Transport,0
2026-05-09,LYFT SC,LYFT SC PURCHASE,20.06,Transport,0
2026-05-10,STARBUCKS #817,STARBUCKS #817 PURCHASE,55.83,Dining,0
2026-05-10,BEST B SC,BEST B SC PURCHASE,49.9,Shopping,0
2026-05-11,BESTBUY NYC,BESTBUY NYC PURCHASE,29.13,Shopping,0
2026-05-11,STARBUCKS,STARBUCKS PURCHASE,36.21,Dining,0
2026-05-11,CKCD COMCAST,CKCD COMCAST PURCHASE,99.57,Utilities,0
2026-05-12,UBER,UBER PURCHASE,15.14,Transport,0
2026-05-13,AMA629,AMA629 PURCHASE,77.97,Shopping,0
2026-05-14,TAR364,TAR364 PURCHASE,16.42,Shopping,0
2026-05-14,EMPLOYER PAYROLL #3724,EMPLOYER PAYROLL #3724 PURCHASE,2857.93,Income,0
2026-05-15,METRO TRANSIT,METRO TRANSIT PURCHASE,38.49,Transport,0
2026-05-16,STARBUCKS,STARBUCKS PURCHASE,24.78,Dining,0
2026-05-16,UBE675,UBE675 PURCHASE,51.4,Transport,0
2026-05-16,METRO  SC,METRO  SC PURCHASE,55.57,Transport,0
2026-05-17,PIZZA HUT,PIZZA HUT PURCHASE,20.78,Dining,0
2026-05-17,SUSHI  SC,SUSHI  SC PURCHASE,31.05,Dining,0
2026-05-17,SUSHI HOUSE,SUSHI HOUSE PURCHASE,23.16,Dining,0
2026-05-17,PIZZAHUT NYC,PIZZAHUT NYC PURCHASE,20.21,Dining,0
2026-05-18,UBER 029384,UBER 029384 PURCHASE,41.39,Transport,0
2026-05-18,SPO792,SPO792 PURCHASE,23.92,Entertainment,0
2026-05-19,AMAZON NYC,AMAZON NYC PURCHASE,100.21,Shopping,0
2026-05-19,TST* METROTRANS,TST* METROTRANS PURCHASE,18.78,Transport,0
2026-05-20,TARGET,TARGET PURCHASE,16.93,Shopping,0
2026-05-21,NETFLIX,NETFLIX PURCHASE,32.42,Entertainment,0
2026-05-21,WHOLEFOO CHI IL,WHOLEFOO CHI IL PURCHASE,112.87,Groceries,0
2026-05-21,PIZZA HUT #6216,PIZZA HUT #6216 PURCHASE,23.87,Dining,0
2026-05-21,COM354,COM354 PURCHASE,123.84,Utilities,0
2026-05-21,STARBUCK NYC,STARBUCK NYC PURCHASE,18.3,Dining,0
2026-05-22,CITY POWER & LIGHT,CITY POWER & LIGHT PURCHASE,145.22,Utilities,0
2026-05-22,PAYPAL *CHIPOTLE,PAYPAL *CHIPOTLE PURCHASE,3.38,Dining,0
2026-05-22,NETFLI SC,NETFLI SC PURCHASE,40.12,Entertainment,0
2026-05-23,UBER,UBER PURCHASE,20.0,Transport,0
2026-05-23,AMC TH SC,AMC TH SC PURCHASE,1.0,Entertainment,0
2026-05-23,POS DEBIT H&M,POS DEBIT H&M PURCHASE,71.87,Shopping,0
2026-05-24,COSTCO SEATTLE WA,COSTCO SEATTLE WA PURCHASE,8.32,Groceries,0
2026-05-26,POS DEBIT AMAZON,POS DEBIT AMAZON PURCHASE,125.25,Shopping,0
2026-05-26,TAR533,TAR533 PURCHASE,86.74,Shopping,0
2026-05-26,CHI850,CHI850 PURCHASE,8.48,Dining,0
2026-05-26,STARBUCKS,STARBUCKS PURCHASE,20.64,Dining,0
2026-05-27,POS DEBIT KROGER,POS DEBIT KROGER PURCHASE,59.4,Groceries,0
2026-05-28,H&M,H&M PURCHASE,67.9,Shopping,0
2026-05-28,AMC THEATRES #2362,AMC THEATRES #2362 PURCHASE,20.22,Entertainment,0
2026-06-01,CITYMEDICALGROUP,CITYMEDICALGROUP PURCHASE,49.43,Healthcare,0
2026-06-01,CKCD CITYPROPER,CKCD CITYPROPER PURCHASE,1447.27,Rent,0
2026-06-01,TST* EMPLOYERPA,TST* EMPLOYERPA PURCHASE,2811.96,Income,0
2026-06-02,H&M AUSTIN TX,H&M AUSTIN TX PURCHASE,53.08,Shopping,0
2026-06-03,WATER AUTHORITY #7583,WATER AUTHORITY #7583 PURCHASE,114.81,Utilities,0
2026-06-03,TAR943,TAR943 PURCHASE,123.78,Shopping,0
2026-06-07,CITYMEDICALGROUP,CITYMEDICALGROUP PURCHASE,1.0,Healthcare,0
2026-06-07,TARGET,TARGET PURCHASE,1.0,Shopping,0
2026-06-07,UBER #1072,UBER #1072 PURCHASE,15.63,Transport,0
2026-06-08,KRO876,KRO876 PURCHASE,68.74,Groceries,0
2026-06-09,SHELLGAS AUSTIN TX,SHELLGAS AUSTIN TX PURCHASE,16.84,Transport,0
2026-06-09,METROTRA 029384,METROTRA 029384 PURCHASE,20.68,Transport,0
2026-06-10,STE821,STE821 PURCHASE,21.98,Entertainment,0
2026-06-10,H&M,H&M PURCHASE,20.34,Shopping,0
2026-06-12,METROTRA NYC,METROTRA NYC PURCHASE,29.7,Transport,0
2026-06-12,GYMMEM634,GYMMEM634 PURCHASE,14.28,Subscriptions,0
2026-06-12,ADOBE 0210,ADOBE 0210 PURCHASE,15.32,Subscriptions,0
2026-06-13,POS DEBIT WALGREENS,POS DEBIT WALGREENS PURCHASE,83.78,Healthcare,0
2026-06-13,CITY POWER & LIGHT #7720,CITY POWER & LIGHT #7720 PURCHASE,100.42,Utilities,0
2026-06-13,PIZHUT291,PIZHUT291 PURCHASE,12.77,Dining,0
2026-06-14,EMPPAY109,EMPPAY109 PURCHASE,2702.69,Income,0
2026-06-15,ADOBE #1696,ADOBE #1696 PURCHASE,10.3,Subscriptions,0
2026-06-16,BEST BUY,BEST BUY PURCHASE,26.12,Shopping,0
2026-06-16,PAYPAL *TRADERJOES,PAYPAL *TRADERJOES PURCHASE,94.01,Groceries,0
2026-06-19,H&M,H&M PURCHASE,54.0,Shopping,0
2026-06-20,H&M,H&M PURCHASE,65.02,Shopping,0
2026-06-20,UBER,UBER PURCHASE,5.17,Transport,0
2026-06-20,KROGER,KROGER PURCHASE,14.68,Groceries,0
2026-06-20,GYMMEM772,GYMMEM772 PURCHASE,5.12,Subscriptions,0
2026-06-21,LOCAL  SC,LOCAL  SC PURCHASE,17.86,Dining,0
2026-06-21,TST* SPOTIFY,TST* SPOTIFY PURCHASE,17.37,Entertainment,0
2026-06-21,UBER #2274,UBER #2274 PURCHASE,29.4,Transport,0
2026-06-23,WHOLE FOODS,WHOLE FOODS PURCHASE,58.21,Groceries,0
2026-06-23,AMAZON SC,AMAZON SC PURCHASE,16.15,Shopping,0
2026-06-23,NETFLIX 0210,NETFLIX 0210 PURCHASE,26.83,Entertainment,0
2026-06-24,SQ *SPOTIFY,SQ *SPOTIFY PURCHASE,9.5,Entertainment,0
2026-06-25,BESBUY526,BESBUY526 PURCHASE,2.4,Shopping,0
2026-06-25,SHEGAS867,SHEGAS867 PURCHASE,34.03,Transport,0
2026-06-25,SHELL GAS #7611,SHELL GAS #7611 PURCHASE,51.39,Transport,0
2026-06-26,BESTBUY CHI IL,BESTBUY CHI IL PURCHASE,60.62,Shopping,0
2026-06-26,LYFT SEATTLE WA,LYFT SEATTLE WA PURCHASE,26.81,Transport,0
2026-06-27,UBE245,UBE245 PURCHASE,62.3,Transport,0
2026-06-27,SHELLGAS,SHELLGAS PURCHASE,2.72,Transport,0
